Position,Name + ID,Name,ID,Roster Position,Salary,Game Info,TeamAbbrev,AvgPointsPerGame,OWN,G,W,L,WR,K,D,A,KDA,CS,CSPM,G,GPM,KPAR,KS,GS,CP,rOWN,rFPTS
TOP,Morgan (14470218),Morgan,14470218,TOP,7400,LGD@WE 04/02/2020 02:00AM ET,WE,0.28,0.12,21.00,11.00,10.00,0.52,2.33,2.76,5.95,3.00,232.19,7.45,11.50,369.00,0.58,0.16,0.21,7.00,0.13,102.92
TOP,ADD (14470228),ADD,14470228,TOP,7000,RW@BLG 04/02/2020 04:00AM ET,BLG,0.51,0.17,3.00,2.00,1.00,0.67,3.00,2.00,8.33,5.67,218.00,6.89,11.60,366.00,0.74,0.20,0.21,2.00,0.15,0.60
TOP,Nuguri (14470184),Nuguri,14470184,TOP,6800,DWG@HLE 04/02/2020 04:00AM ET,DWG,0.14,0.05,29.00,13.00,16.00,0.45,2.83,3.34,4.17,2.09,291.90,8.66,13.70,406.00,0.64,0.26,0.23,16.00,0.06,92.50
TOP,Kiin (14470154),Kiin,14470154,TOP,6600,AF@APK 04/02/2020 02:00AM ET,AF,0.17,0.08,31.00,15.00,16.00,0.48,2.10,2.48,4.35,2.60,292.19,8.31,13.40,381.00,0.62,0.20,0.23,13.00,0.08,48.62
TOP,Doran (14470193),Doran,14470193,TOP,6200,KT@DRX 04/02/2020 05:30AM ET,DRX,0.20,0.09,27.00,17.00,10.00,0.63,2.22,2.41,4.81,2.92,270.70,8.10,12.60,377.00,0.56,0.18,0.21,9.00,0.10,86.48
TOP,Holder (14470237),Holder,14470237,TOP,5800,RW@BLG 04/02/2020 04:00AM ET,RW,0.00,0.02,0.00,0.00,0.00,0.00,0.00,0.00,0.00,0.00,0.00,0.00,0.00,0.00,0.00,0.00,0.00,0.00,0.02,71.06
TOP,Biubiu (14470244),Biubiu,14470244,TOP,5800,SN@TES 04/02/2020 05:30AM ET,SN,0.24,0.10,19.00,10.00,9.00,0.53,2.37,2.89,6.74,3.15,213.32,6.66,11.40,354.00,0.63,0.16,0.20,6.00,0.11,51.94
TOP,CuVee (14470176),CuVee,14470176,TOP,5400,DWG@HLE 04/02/2020 04:00AM ET,HLE,0.02,0.01,30.00,11.00,19.00,0.37,2.27,3.00,3.53,1.93,250.37,7.57,11.90,360.00,0.62,0.24,0.22,14.00,0.02,5.84
TOP,ikssu (14470165),ikssu,14470165,TOP,5000,AF@APK 04/02/2020 02:00AM ET,APK,0.10,0.05,26.00,8.00,18.00,0.31,2.04,3.50,4.46,1.86,230.77,6.67,11.40,330.00,0.65,0.20,0.20,9.00,0.02,81.82
TOP,Cult (14470209),Cult,14470209,TOP,5000,LGD@WE 04/02/2020 02:00AM ET,LGD,0.08,0.04,3.00,1.00,2.00,0.33,2.00,3.00,3.33,1.78,247.00,7.52,11.30,344.00,0.52,0.19,0.21,2.00,0.03,80.02
TOP,SoHwan (14470200),SoHwan,14470200,TOP,4600,KT@DRX 04/02/2020 05:30AM ET,KT,0.11,0.08,24.00,13.00,11.00,0.54,1.38,1.75,3.29,2.67,247.50,7.96,11.10,359.00,0.49,0.14,0.21,11.00,0.03,9.46
TEAM,Bilibili Gaming (14470235),Bilibili Gaming,14470235,TEAM,6000,RW@BLG 04/02/2020 04:00AM ET,BLG,0.00,0.05,0.00,0.00,0.00,0.00,0.00,0.00,0.00,0.00,0.00,0.00,0.00,0.00,0.00,0.00,0.00,0.00,0.09,30.00
TEAM,Afreeca Freecs (14470164),Afreeca Freecs,14470164,TEAM,5800,AF@APK 04/02/2020 02:00AM ET,AF,0.00,0.05,0.00,0.00,0.00,0.00,0.00,0.00,0.00,0.00,0.00,0.00,0.00,0.00,0.00,0.00,0.00,0.00,0.00,0.00
TEAM,Top Esports (14470260),Top Esports,14470260,TEAM,5600,SN@TES 04/02/2020 05:30AM ET,TES,0.00,0.19,0.00,0.00,0.00,0.00,0.00,0.00,0.00,0.00,0.00,0.00,0.00,0.00,0.00,0.00,0.00,0.00,0.11,57.00
TEAM,Team WE (14470226),Team WE,14470226,TEAM,5400,LGD@WE 04/02/2020 02:00AM ET,WE,0.00,0.20,0.00,0.00,0.00,0.00,0.00,0.00,0.00,0.00,0.00,0.00,0.00,0.00,0.00,0.00,0.00,0.00,0.18,51.00
TEAM,DAMWON Gaming (14470192),DAMWON Gaming,14470192,TEAM,5200,DWG@HLE 04/02/2020 04:00AM ET,DWG,0.00,0.10,0.00,0.00,0.00,0.00,0.00,0.00,0.00,0.00,0.00,0.00,0.00,0.00,0.00,0.00,0.00,0.00,0.08,67.00
TEAM,DragonX (14470199),DragonX,14470199,TEAM,5000,KT@DRX 04/02/2020 05:30AM ET,DRX,0.00,0.18,0.00,0.00,0.00,0.00,0.00,0.00,0.00,0.00,0.00,0.00,0.00,0.00,0.00,0.00,0.00,0.00,0.17,60.00
TEAM,Hanwha Life Esports (14470183),Hanwha Life Esports,14470183,TEAM,4800,DWG@HLE 04/02/2020 04:00AM ET,HLE,0.00,0.02,0.00,0.00,0.00,0.00,0.00,0.00,0.00,0.00,0.00,0.00,0.00,0.00,0.00,0.00,0.00,0.00,0.01,2.00
TEAM,KT Rolster (14470207),KT Rolster,14470207,TEAM,4600,KT@DRX 04/02/2020 05:30AM ET,KT,0.00,0.08,0.00,0.00,0.00,0.00,0.00,0.00,0.00,0.00,0.00,0.00,0.00,0.00,0.00,0.00,0.00,0.00,0.08,10.00
TEAM,LGD Gaming (14470217),LGD Gaming,14470217,TEAM,4400,LGD@WE 04/02/2020 02:00AM ET,LGD,0.00,0.04,0.00,0.00,0.00,0.00,0.00,0.00,0.00,0.00,0.00,0.00,0.00,0.00,0.00,0.00,0.00,0.00,0.05,49.00
TEAM,Suning (14470251),Suning,14470251,TEAM,4200,SN@TES 04/02/2020 05:30AM ET,SN,0.00,0.06,0.00,0.00,0.00,0.00,0.00,0.00,0.00,0.00,0.00,0.00,0.00,0.00,0.00,0.00,0.00,0.00,0.07,35.00
TEAM,APK Prince (14470175),APK Prince,14470175,TEAM,4000,AF@APK 04/02/2020 02:00AM ET,APK,0.00,0.05,0.00,0.00,0.00,0.00,0.00,0.00,0.00,0.00,0.00,0.00,0.00,0.00,0.00,0.00,0.00,0.00,0.02,60.00
TEAM,Rogue Warriors (14470243),Rogue Warriors,14470243,TEAM,3800,RW@BLG 04/02/2020 04:00AM ET,RW,0.00,0.05,0.00,0.00,0.00,0.00,0.00,0.00,0.00,0.00,0.00,0.00,0.00,0.00,0.00,0.00,0.00,0.00,0.06,53.00
SUP,Missing (14470223),Missing,14470223,SUP,6200,LGD@WE 04/02/2020 02:00AM ET,WE,0.25,0.25,21.00,11.00,10.00,0.52,1.00,2.90,9.48,3.61,46.29,1.48,7.90,252.00,0.74,0.07,0.14,8.00,0.19,85.16
SUP,QiuQiu (14470255),QiuQiu,14470255,SUP,5800,SN@TES 04/02/2020 05:30AM ET,TES,0.18,0.23,13.00,10.00,3.00,0.77,0.77,2.15,9.38,4.71,40.23,1.23,0.00,0.00,0.69,0.05,0.00,6.00,0.18,91.64
SUP,XinMo (14470230),XinMo,14470230,SUP,5600,RW@BLG 04/02/2020 04:00AM ET,BLG,0.06,0.13,25.00,10.00,15.00,0.40,0.44,3.08,6.84,2.36,38.04,1.11,7.50,219.00,0.73,0.04,0.13,6.00,0.11,21.84
SUP,yuyanjia (14470256),yuyanjia,14470256,SUP,5600,SN@TES 04/02/2020 05:30AM ET,TES,0.01,0.01,7.00,2.00,5.00,0.29,1.00,3.14,6.57,2.41,25.71,0.83,7.20,233.00,0.62,0.08,0.13,5.00,0.00,0.00
SUP,Jelly (14470158),Jelly,14470158,SUP,5400,AF@APK 04/02/2020 02:00AM ET,AF,0.05,0.05,30.00,15.00,15.00,0.50,0.93,2.37,6.30,3.06,37.93,1.07,8.10,228.00,0.69,0.09,0.14,11.00,0.05,33.62
SUP,BeryL (14470187),BeryL,14470187,SUP,5200,DWG@HLE 04/02/2020 04:00AM ET,DWG,0.02,0.04,16.00,8.00,8.00,0.50,0.44,3.00,8.19,2.88,56.56,1.65,8.20,239.00,0.68,0.03,0.14,8.00,0.03,71.82
SUP,Keria (14470196),Keria,14470196,SUP,4800,KT@DRX 04/02/2020 05:30AM ET,DRX,0.11,0.17,30.00,19.00,11.00,0.63,0.67,2.17,8.93,4.43,40.07,1.19,8.00,240.00,0.76,0.05,0.13,15.00,0.16,74.12
SUP,Killua (14470213),Killua,14470213,SUP,4800,LGD@WE 04/02/2020 02:00AM ET,LGD,0.02,0.02,7.00,3.00,4.00,0.43,0.86,2.43,11.43,5.06,65.14,1.98,8.60,261.00,0.84,0.06,0.15,3.00,0.12,65.26
SUP,SwordArt (14470247),SwordArt,14470247,SUP,4600,SN@TES 04/02/2020 05:30AM ET,SN,0.05,0.08,25.00,11.00,14.00,0.44,0.64,3.28,8.88,2.90,31.04,0.96,7.30,226.00,0.70,0.05,0.13,9.00,0.07,43.42
SUP,Ley (14470240),Ley,14470240,SUP,4400,RW@BLG 04/02/2020 04:00AM ET,RW,0.00,0.02,0.00,0.00,0.00,0.00,0.00,0.00,0.00,0.00,0.00,0.00,0.00,0.00,0.00,0.00,0.00,0.00,0.04,82.32
SUP,Lehends (14470179),Lehends,14470179,SUP,4200,DWG@HLE 04/02/2020 04:00AM ET,HLE,0.01,0.02,30.00,11.00,19.00,0.37,0.60,2.77,6.50,2.57,41.40,1.25,7.40,225.00,0.76,0.06,0.13,12.00,0.01,12.28
SUP,TusiN (14470203),TusiN,14470203,SUP,4000,KT@DRX 04/02/2020 05:30AM ET,KT,0.02,0.04,29.00,15.00,14.00,0.52,0.62,2.03,6.14,3.32,47.10,1.49,7.60,239.00,0.69,0.06,0.14,14.00,0.07,4.26
SUP,Secret (14470169),Secret,14470169,SUP,3800,AF@APK 04/02/2020 02:00AM ET,APK,0.01,0.02,22.00,6.00,16.00,0.27,0.27,3.45,5.82,1.76,36.55,1.09,7.20,214.00,0.64,0.03,0.13,7.00,0.01,94.30
MID,Teacherma (14470327),Teacherma,14470327,CPT,12300,LGD@WE 04/02/2020 02:00AM ET,WE,1.10,0.27,11.00,7.00,4.00,0.64,4.09,2.27,8.82,5.68,228.64,7.13,12.20,380.00,0.73,0.23,0.21,6.00,0.00,0.00
MID,Knight (14470361),Knight,14470361,CPT,12000,SN@TES 04/02/2020 05:30AM ET,TES,1.24,0.31,20.00,12.00,8.00,0.60,4.00,2.25,6.75,4.78,268.15,8.38,0.00,0.00,0.78,0.29,0.00,12.00,0.00,0.00
MID,FoFo (14470336),FoFo,14470336,CPT,11700,RW@BLG 04/02/2020 04:00AM ET,BLG,0.67,0.22,25.00,10.00,15.00,0.40,3.04,1.92,4.64,4.00,272.24,7.96,12.60,368.00,0.77,0.31,0.22,14.00,0.19,73.86
MID,ShowMaker (14470293),ShowMaker,14470293,CPT,11400,DWG@HLE 04/02/2020 04:00AM ET,DWG,0.09,0.03,29.00,13.00,16.00,0.45,2.86,1.72,4.55,4.30,290.38,8.62,13.10,390.00,0.68,0.26,0.22,12.00,0.00,0.00
MID,Fly (14470263),Fly,14470263,CPT,11100,AF@APK 04/02/2020 02:00AM ET,AF,0.10,0.05,27.00,12.00,15.00,0.44,2.00,2.56,4.93,2.71,255.59,7.27,12.10,343.00,0.68,0.20,0.21,13.00,0.00,0.00
MID,Angel (14470353),Angel,14470353,CPT,10500,SN@TES 04/02/2020 05:30AM ET,SN,0.60,0.14,25.00,11.00,14.00,0.44,4.32,2.44,5.64,4.08,247.84,7.68,12.40,384.00,0.73,0.32,0.22,13.00,0.00,0.00
MID,Chovy (14470301),Chovy,14470301,CPT,10200,KT@DRX 04/02/2020 05:30AM ET,DRX,0.25,0.09,30.00,19.00,11.00,0.63,2.73,1.57,5.43,5.21,302.43,9.01,13.40,398.00,0.65,0.22,0.22,18.00,0.00,0.00
MID,Yuuki (14470317),Yuuki,14470317,CPT,9900,LGD@WE 04/02/2020 02:00AM ET,LGD,0.18,0.05,22.00,8.00,14.00,0.36,3.50,3.32,5.23,2.63,266.50,8.12,12.70,388.00,0.64,0.26,0.22,12.00,0.07,148.20
MID,Ruby (14470345),Ruby,14470345,CPT,9600,RW@BLG 04/02/2020 04:00AM ET,RW,0.00,0.03,0.00,0.00,0.00,0.00,0.00,0.00,0.00,0.00,0.00,0.00,0.00,0.00,0.00,0.00,0.00,0.00,0.00,0.00
MID,Tempt (14470284),Tempt,14470284,CPT,9300,DWG@HLE 04/02/2020 04:00AM ET,HLE,0.02,0.01,30.00,11.00,19.00,0.37,1.97,2.30,4.10,2.64,284.07,8.59,12.20,370.00,0.65,0.21,0.22,15.00,0.00,0.00
MID,Cover (14470274),Cover,14470274,CPT,9000,AF@APK 04/02/2020 02:00AM ET,APK,0.04,0.02,8.00,4.00,4.00,0.50,1.88,3.00,6.25,2.71,312.00,8.69,14.00,391.00,0.64,0.15,0.22,3.00,0.00,0.00
MID,Kuro (14470309),Kuro,14470309,CPT,8700,KT@DRX 04/02/2020 05:30AM ET,KT,0.19,0.08,29.00,15.00,14.00,0.52,2.34,1.28,4.48,5.35,256.24,8.09,11.50,364.00,0.70,0.24,0.21,14.00,0.00,0.00
MID,Teacherma (14470220),Teacherma,14470220,MID,8200,LGD@WE 04/02/2020 02:00AM ET,WE,1.10,0.27,11.00,7.00,4.00,0.64,4.09,2.27,8.82,5.68,228.64,7.13,12.20,380.00,0.73,0.23,0.21,6.00,0.39,101.42
MID,Knight (14470254),Knight,14470254,MID,8000,SN@TES 04/02/2020 05:30AM ET,TES,1.24,0.31,20.00,12.00,8.00,0.60,4.00,2.25,6.75,4.78,268.15,8.38,0.00,0.00,0.78,0.29,0.00,12.00,0.22,136.88
MID,FoFo (14470229),FoFo,14470229,MID,7800,RW@BLG 04/02/2020 04:00AM ET,BLG,0.67,0.22,25.00,10.00,15.00,0.40,3.04,1.92,4.64,4.00,272.24,7.96,12.60,368.00,0.77,0.31,0.22,14.00,0.00,0.00
MID,ShowMaker (14470186),ShowMaker,14470186,MID,7600,DWG@HLE 04/02/2020 04:00AM ET,DWG,0.09,0.03,29.00,13.00,16.00,0.45,2.86,1.72,4.55,4.30,290.38,8.62,13.10,390.00,0.68,0.26,0.22,12.00,0.04,89.34
MID,Fly (14470156),Fly,14470156,MID,7400,AF@APK 04/02/2020 02:00AM ET,AF,0.10,0.05,27.00,12.00,15.00,0.44,2.00,2.56,4.93,2.71,255.59,7.27,12.10,343.00,0.68,0.20,0.21,13.00,0.04,42.08
MID,Angel (14470246),Angel,14470246,MID,7000,SN@TES 04/02/2020 05:30AM ET,SN,0.60,0.14,25.00,11.00,14.00,0.44,4.32,2.44,5.64,4.08,247.84,7.68,12.40,384.00,0.73,0.32,0.22,13.00,0.10,81.22
MID,Chovy (14470194),Chovy,14470194,MID,6800,KT@DRX 04/02/2020 05:30AM ET,DRX,0.25,0.09,30.00,19.00,11.00,0.63,2.73,1.57,5.43,5.21,302.43,9.01,13.40,398.00,0.65,0.22,0.22,18.00,0.07,76.28
MID,Yuuki (14470210),Yuuki,14470210,MID,6600,LGD@WE 04/02/2020 02:00AM ET,LGD,0.18,0.05,22.00,8.00,14.00,0.36,3.50,3.32,5.23,2.63,266.50,8.12,12.70,388.00,0.64,0.26,0.22,12.00,0.00,0.00
MID,Ruby (14470238),Ruby,14470238,MID,6400,RW@BLG 04/02/2020 04:00AM ET,RW,0.00,0.03,0.00,0.00,0.00,0.00,0.00,0.00,0.00,0.00,0.00,0.00,0.00,0.00,0.00,0.00,0.00,0.00,0.03,73.54
MID,Tempt (14470177),Tempt,14470177,MID,6200,DWG@HLE 04/02/2020 04:00AM ET,HLE,0.02,0.01,30.00,11.00,19.00,0.37,1.97,2.30,4.10,2.64,284.07,8.59,12.20,370.00,0.65,0.21,0.22,15.00,0.01,0.00
MID,Cover (14470167),Cover,14470167,MID,6000,AF@APK 04/02/2020 02:00AM ET,APK,0.04,0.02,8.00,4.00,4.00,0.50,1.88,3.00,6.25,2.71,312.00,8.69,14.00,391.00,0.64,0.15,0.22,3.00,0.02,91.28
MID,Kuro (14470202),Kuro,14470202,MID,5800,KT@DRX 04/02/2020 05:30AM ET,KT,0.19,0.08,29.00,15.00,14.00,0.52,2.34,1.28,4.48,5.35,256.24,8.09,11.50,364.00,0.70,0.24,0.21,14.00,0.05,14.82
JNG,beishang (14470331),beishang,14470331,CPT,11700,LGD@WE 04/02/2020 02:00AM ET,WE,0.77,0.24,21.00,11.00,10.00,0.52,3.19,2.52,7.14,4.09,176.29,5.65,10.80,345.00,0.73,0.22,0.20,10.00,0.22,175.59
JNG,Karsa (14470364),Karsa,14470364,CPT,11100,SN@TES 04/02/2020 05:30AM ET,TES,0.62,0.27,20.00,12.00,8.00,0.60,2.30,2.85,7.60,3.47,165.55,5.17,0.00,0.00,0.72,0.17,0.00,8.00,0.13,194.16
JNG,Meteor (14470339),Meteor,14470339,CPT,10800,RW@BLG 04/02/2020 04:00AM ET,BLG,0.15,0.09,25.00,10.00,15.00,0.40,1.64,2.56,5.76,2.89,186.60,5.46,10.70,313.00,0.75,0.17,0.19,12.00,0.14,48.48
JNG,Peanut (14470321),Peanut,14470321,CPT,10200,LGD@WE 04/02/2020 02:00AM ET,LGD,0.37,0.10,22.00,8.00,14.00,0.36,3.68,2.55,6.32,3.93,181.09,5.51,11.10,338.00,0.73,0.27,0.19,8.00,0.00,0.00
JNG,Pyosik (14470304),Pyosik,14470304,CPT,9900,KT@DRX 04/02/2020 05:30AM ET,DRX,0.44,0.16,30.00,19.00,11.00,0.63,2.73,1.80,6.70,5.24,189.83,5.66,11.20,334.00,0.75,0.22,0.19,10.00,0.00,0.00
JNG,Canyon (14470296),Canyon,14470296,CPT,9600,DWG@HLE 04/02/2020 04:00AM ET,DWG,0.06,0.04,29.00,13.00,16.00,0.45,1.59,2.62,6.00,2.89,180.86,5.37,10.50,312.00,0.69,0.15,0.18,10.00,0.00,0.00
JNG,Spirit (14470267),Spirit,14470267,CPT,9300,AF@APK 04/02/2020 02:00AM ET,AF,0.06,0.03,22.00,11.00,11.00,0.50,2.09,2.41,5.64,3.21,177.95,4.99,10.90,305.00,0.71,0.19,0.18,8.00,0.00,0.00
JNG,Dread (14470268),Dread,14470268,CPT,9000,AF@APK 04/02/2020 02:00AM ET,AF,0.02,0.01,9.00,4.00,5.00,0.44,1.67,2.33,4.67,2.71,164.89,4.86,9.90,293.00,0.70,0.18,0.17,5.00,0.00,0.00
JNG,SofM (14470355),SofM,14470355,CPT,9000,SN@TES 04/02/2020 05:30AM ET,SN,0.16,0.10,25.00,11.00,14.00,0.44,1.64,2.68,8.80,3.90,176.40,5.47,10.30,320.00,0.77,0.12,0.18,10.00,0.00,0.00
JNG,Haro (14470348),Haro,14470348,CPT,8700,RW@BLG 04/02/2020 04:00AM ET,RW,0.00,0.03,0.00,0.00,0.00,0.00,0.00,0.00,0.00,0.00,0.00,0.00,0.00,0.00,0.00,0.00,0.00,0.00,0.00,0.00
JNG,Haru (14470287),Haru,14470287,CPT,8400,DWG@HLE 04/02/2020 04:00AM ET,HLE,0.04,0.02,30.00,11.00,19.00,0.37,2.03,2.83,5.00,2.48,192.93,5.83,10.80,327.00,0.75,0.22,0.20,10.00,0.00,0.00
JNG,bonO (14470311),bonO,14470311,CPT,8100,KT@DRX 04/02/2020 05:30AM ET,KT,0.15,0.11,25.00,15.00,10.00,0.60,1.36,1.84,7.00,4.54,165.72,5.26,9.90,314.00,0.80,0.13,0.18,8.00,0.00,0.00
JNG,beishang (14470224),beishang,14470224,JNG,7800,LGD@WE 04/02/2020 02:00AM ET,WE,0.77,0.24,21.00,11.00,10.00,0.52,3.19,2.52,7.14,4.09,176.29,5.65,10.80,345.00,0.73,0.22,0.20,10.00,0.00,0.00
JNG,Flawless (14470278),Flawless,14470278,CPT,7800,AF@APK 04/02/2020 02:00AM ET,APK,0.06,0.03,26.00,8.00,18.00,0.31,2.04,3.12,4.69,2.16,180.88,5.23,10.80,311.00,0.67,0.20,0.19,7.00,0.00,0.00
JNG,Karsa (14470257),Karsa,14470257,JNG,7400,SN@TES 04/02/2020 05:30AM ET,TES,0.62,0.27,20.00,12.00,8.00,0.60,2.30,2.85,7.60,3.47,165.55,5.17,0.00,0.00,0.72,0.17,0.00,8.00,0.00,0.00
JNG,Meteor (14470232),Meteor,14470232,JNG,7200,RW@BLG 04/02/2020 04:00AM ET,BLG,0.15,0.09,25.00,10.00,15.00,0.40,1.64,2.56,5.76,2.89,186.60,5.46,10.70,313.00,0.75,0.17,0.19,12.00,0.00,0.00
JNG,Peanut (14470214),Peanut,14470214,JNG,6800,LGD@WE 04/02/2020 02:00AM ET,LGD,0.37,0.10,22.00,8.00,14.00,0.36,3.68,2.55,6.32,3.93,181.09,5.51,11.10,338.00,0.73,0.27,0.19,8.00,0.11,84.22
JNG,Pyosik (14470197),Pyosik,14470197,JNG,6600,KT@DRX 04/02/2020 05:30AM ET,DRX,0.44,0.16,30.00,19.00,11.00,0.63,2.73,1.80,6.70,5.24,189.83,5.66,11.20,334.00,0.75,0.22,0.19,10.00,0.12,80.38
JNG,Canyon (14470189),Canyon,14470189,JNG,6400,DWG@HLE 04/02/2020 04:00AM ET,DWG,0.06,0.04,29.00,13.00,16.00,0.45,1.59,2.62,6.00,2.89,180.86,5.37,10.50,312.00,0.69,0.15,0.18,10.00,0.06,85.78
JNG,Spirit (14470160),Spirit,14470160,JNG,6200,AF@APK 04/02/2020 02:00AM ET,AF,0.06,0.03,22.00,11.00,11.00,0.50,2.09,2.41,5.64,3.21,177.95,4.99,10.90,305.00,0.71,0.19,0.18,8.00,0.04,57.96
JNG,Dread (14470161),Dread,14470161,JNG,6000,AF@APK 04/02/2020 02:00AM ET,AF,0.02,0.01,9.00,4.00,5.00,0.44,1.67,2.33,4.67,2.71,164.89,4.86,9.90,293.00,0.70,0.18,0.17,5.00,0.01,0.00
JNG,SofM (14470248),SofM,14470248,JNG,6000,SN@TES 04/02/2020 05:30AM ET,SN,0.16,0.10,25.00,11.00,14.00,0.44,1.64,2.68,8.80,3.90,176.40,5.47,10.30,320.00,0.77,0.12,0.18,10.00,0.11,62.14
JNG,Haro (14470241),Haro,14470241,JNG,5800,RW@BLG 04/02/2020 04:00AM ET,RW,0.00,0.03,0.00,0.00,0.00,0.00,0.00,0.00,0.00,0.00,0.00,0.00,0.00,0.00,0.00,0.00,0.00,0.00,0.03,98.78
JNG,Haru (14470180),Haru,14470180,JNG,5600,DWG@HLE 04/02/2020 04:00AM ET,HLE,0.04,0.02,30.00,11.00,19.00,0.37,2.03,2.83,5.00,2.48,192.93,5.83,10.80,327.00,0.75,0.22,0.20,10.00,0.01,16.34
JNG,bonO (14470204),bonO,14470204,JNG,5400,KT@DRX 04/02/2020 05:30AM ET,KT,0.15,0.11,25.00,15.00,10.00,0.60,1.36,1.84,7.00,4.54,165.72,5.26,9.90,314.00,0.80,0.13,0.18,8.00,0.05,11.74
JNG,Flawless (14470171),Flawless,14470171,JNG,5200,AF@APK 04/02/2020 02:00AM ET,APK,0.06,0.03,26.00,8.00,18.00,0.31,2.04,3.12,4.69,2.16,180.88,5.23,10.80,311.00,0.67,0.20,0.19,7.00,0.02,99.50
ADC,Jiumeng (14470332),Jiumeng,14470332,CPT,12600,LGD@WE 04/02/2020 02:00AM ET,WE,1.27,0.27,21.00,11.00,10.00,0.52,4.71,2.81,6.24,3.90,261.29,8.38,13.20,424.00,0.77,0.33,0.24,7.00,0.00,0.00
ADC,Photic (14470366),Photic,14470366,CPT,12000,SN@TES 04/02/2020 05:30AM ET,TES,1.12,0.29,20.00,12.00,8.00,0.60,3.85,2.30,6.05,4.30,268.05,8.37,0.00,0.00,0.72,0.28,0.00,5.00,0.00,0.00
ADC,Mystic (14470269),Mystic,14470269,CPT,11700,AF@APK 04/02/2020 02:00AM ET,AF,0.10,0.03,29.00,14.00,15.00,0.48,3.38,2.59,3.90,2.81,330.69,9.60,14.80,429.00,0.69,0.32,0.25,11.00,0.00,0.00
ADC,Jinjiao (14470340),Jinjiao,14470340,CPT,11400,RW@BLG 04/02/2020 04:00AM ET,BLG,0.26,0.11,25.00,10.00,15.00,0.40,2.40,2.24,4.52,3.09,306.96,8.98,13.70,402.00,0.70,0.24,0.24,6.00,0.00,0.00
ADC,Wings (14470341),Wings,14470341,CPT,11100,RW@BLG 04/02/2020 04:00AM ET,BLG,0.00,0.01,0.00,0.00,0.00,0.00,0.00,0.00,0.00,0.00,0.00,0.00,0.00,0.00,0.00,0.00,0.00,0.00,0.00,0.00
ADC,Ghost (14470298),Ghost,14470298,CPT,10800,DWG@HLE 04/02/2020 04:00AM ET,DWG,0.81,0.11,3.00,2.00,1.00,0.67,7.33,2.67,5.00,4.63,400.00,10.33,18.90,488.00,0.69,0.41,0.26,2.00,0.06,135.57
ADC,Kramer (14470323),Kramer,14470323,CPT,10500,LGD@WE 04/02/2020 02:00AM ET,LGD,0.34,0.08,22.00,8.00,14.00,0.36,4.23,2.73,5.59,3.60,292.86,8.92,14.30,437.00,0.72,0.31,0.25,7.00,0.00,0.00
ADC,huanfeng (14470356),huanfeng,14470356,CPT,10200,SN@TES 04/02/2020 05:30AM ET,SN,0.38,0.08,23.00,11.00,12.00,0.48,4.78,2.43,5.39,4.18,314.61,9.90,14.50,457.00,0.76,0.36,0.26,7.00,0.00,0.00
ADC,Deft (14470305),Deft,14470305,CPT,9900,KT@DRX 04/02/2020 05:30AM ET,DRX,0.44,0.11,30.00,19.00,11.00,0.63,4.00,1.83,4.97,4.89,332.63,9.91,15.00,447.00,0.71,0.32,0.25,10.00,0.00,0.00
ADC,ZWuji (14470349),ZWuji,14470349,CPT,9600,RW@BLG 04/02/2020 04:00AM ET,RW,0.00,0.07,0.00,0.00,0.00,0.00,0.00,0.00,0.00,0.00,0.00,0.00,0.00,0.00,0.00,0.00,0.00,0.00,0.00,0.00
ADC,Aiming (14470313),Aiming,14470313,CPT,9300,KT@DRX 04/02/2020 05:30AM ET,KT,0.42,0.11,29.00,15.00,14.00,0.52,3.86,1.17,3.93,6.65,315.00,9.94,14.30,450.00,0.80,0.40,0.26,10.00,0.00,0.00
ADC,HyBriD (14470280),HyBriD,14470280,CPT,9000,AF@APK 04/02/2020 02:00AM ET,APK,0.09,0.02,20.00,7.00,13.00,0.35,4.30,2.30,3.25,3.28,344.70,9.93,15.40,443.00,0.69,0.39,0.27,7.00,0.00,0.00
ADC,Jiumeng (14470225),Jiumeng,14470225,ADC,8400,LGD@WE 04/02/2020 02:00AM ET,WE,1.27,0.27,21.00,11.00,10.00,0.52,4.71,2.81,6.24,3.90,261.29,8.38,13.20,424.00,0.77,0.33,0.24,7.00,0.28,138.70
ADC,Photic (14470259),Photic,14470259,ADC,8000,SN@TES 04/02/2020 05:30AM ET,TES,1.12,0.29,20.00,12.00,8.00,0.60,3.85,2.30,6.05,4.30,268.05,8.37,0.00,0.00,0.72,0.28,0.00,5.00,0.15,139.52
ADC,Mystic (14470162),Mystic,14470162,ADC,7800,AF@APK 04/02/2020 02:00AM ET,AF,0.10,0.03,29.00,14.00,15.00,0.48,3.38,2.59,3.90,2.81,330.69,9.60,14.80,429.00,0.69,0.32,0.25,11.00,0.08,60.84
ADC,Jinjiao (14470233),Jinjiao,14470233,ADC,7600,RW@BLG 04/02/2020 04:00AM ET,BLG,0.26,0.11,25.00,10.00,15.00,0.40,2.40,2.24,4.52,3.09,306.96,8.98,13.70,402.00,0.70,0.24,0.24,6.00,0.16,43.02
ADC,Wings (14470234),Wings,14470234,ADC,7400,RW@BLG 04/02/2020 04:00AM ET,BLG,0.00,0.01,0.00,0.00,0.00,0.00,0.00,0.00,0.00,0.00,0.00,0.00,0.00,0.00,0.00,0.00,0.00,0.00,0.00,0.00
ADC,Ghost (14470191),Ghost,14470191,ADC,7200,DWG@HLE 04/02/2020 04:00AM ET,DWG,0.81,0.11,3.00,2.00,1.00,0.67,7.33,2.67,5.00,4.63,400.00,10.33,18.90,488.00,0.69,0.41,0.26,2.00,0.00,0.00
ADC,Kramer (14470216),Kramer,14470216,ADC,7000,LGD@WE 04/02/2020 02:00AM ET,LGD,0.34,0.08,22.00,8.00,14.00,0.36,4.23,2.73,5.59,3.60,292.86,8.92,14.30,437.00,0.72,0.31,0.25,7.00,0.10,107.64
ADC,huanfeng (14470249),huanfeng,14470249,ADC,6800,SN@TES 04/02/2020 05:30AM ET,SN,0.38,0.08,23.00,11.00,12.00,0.48,4.78,2.43,5.39,4.18,314.61,9.90,14.50,457.00,0.76,0.36,0.26,7.00,0.16,88.44
ADC,Deft (14470198),Deft,14470198,ADC,6600,KT@DRX 04/02/2020 05:30AM ET,DRX,0.44,0.11,30.00,19.00,11.00,0.63,4.00,1.83,4.97,4.89,332.63,9.91,15.00,447.00,0.71,0.32,0.25,10.00,0.19,88.02
ADC,ZWuji (14470242),ZWuji,14470242,ADC,6400,RW@BLG 04/02/2020 04:00AM ET,RW,0.00,0.07,0.00,0.00,0.00,0.00,0.00,0.00,0.00,0.00,0.00,0.00,0.00,0.00,0.00,0.00,0.00,0.00,0.06,94.56
ADC,Aiming (14470206),Aiming,14470206,ADC,6200,KT@DRX 04/02/2020 05:30AM ET,KT,0.42,0.11,29.00,15.00,14.00,0.52,3.86,1.17,3.93,6.65,315.00,9.94,14.30,450.00,0.80,0.40,0.26,10.00,0.11,13.64
ADC,HyBriD (14470173),HyBriD,14470173,ADC,6000,AF@APK 04/02/2020 02:00AM ET,APK,0.09,0.02,20.00,7.00,13.00,0.35,4.30,2.30,3.25,3.28,344.70,9.93,15.40,443.00,0.69,0.39,0.27,7.00,0.04,105.80